,region,ground,mall,centre,car park,building,industry,station,village
0,hong kong island,0,1,0,0,0,0,0,1
1,new territories,0,0,0,0,0,0,0,0
2,new territories,0,0,0,0,0,0,1,0
3,hong kong island,1,0,1,0,0,0,0,0
4,islands,1,0,0,0,0,0,0,0
5,islands,1,0,0,0,0,0,0,0
6,islands,1,0,0,0,0,0,0,0
7,kowloon,1,0,1,0,0,0,0,0
8,kowloon,1,0,0,0,1,1,0,0
9,kowloon,1,0,0,0,0,0,0,0
10,kowloon,1,0,0,0,0,0,0,0
11,kowloon,1,0,0,0,1,1,0,0
12,hong kong island,0,1,0,0,0,0,0,0
13,kowloon,1,0,0,0,0,0,0,0
14,kowloon,1,0,0,0,0,0,0,0
15,kowloon,1,1,0,0,0,0,0,1
16,hong kong island,1,0,0,0,0,0,0,0
17,kowloon,0,1,0,0,0,0,0,1
18,kowloon,1,0,0,0,0,0,0,1
19,kowloon,0,0,0,0,0,0,1,0
20,kowloon,1,0,0,0,0,0,0,1
21,kowloon,1,0,0,0,0,0,0,1
22,hong kong island,1,0,0,0,0,0,0,0
23,kowloon,0,0,0,0,0,0,0,0
24,kowloon,0,0,0,0,0,0,1,0
25,kowloon,0,0,0,0,0,0,1,0
26,kowloon,0,1,0,0,0,0,0,0
27,kowloon,1,1,0,0,0,0,0,0
28,kowloon,1,0,0,0,0,0,0,0
29,new territories,0,0,0,0,0,0,0,0
30,new territories,1,1,0,0,0,0,0,1
31,new territories,1,0,0,0,1,1,0,0
32,new territories,0,0,0,0,0,0,1,0
33,new territories,1,0,1,0,0,0,0,0
34,new territories,1,1,1,0,0,0,0,1
35,new territories,1,1,0,0,0,0,0,0
36,new territories,1,0,0,1,1,0,0,0
37,new territories,1,1,0,0,0,0,0,0
38,new territories,1,1,0,0,0,0,0,0
39,new territories,1,1,0,0,0,0,0,1
40,new territories,0,0,0,0,0,0,0,0
41,new territories,1,1,0,0,0,0,0,0
42,new territories,1,0,0,0,0,0,0,0
43,new territories,1,0,0,0,0,0,0,0
44,new territories,0,1,0,0,0,0,0,0
45,new territories,0,1,0,0,0,0,0,0
46,new territories,1,0,0,0,0,0,0,0
47,new territories,1,0,0,0,0,0,0,0
48,new territories,1,0,0,0,0,0,0,0
49,new territories,0,1,0,0,0,0,1,0
50,new territories,0,0,0,0,0,0,1,0
51,kowloon,0,0,0,0,0,0,0,0
52,kowloon,1,1,0,0,0,0,0,1
53,kowloon,1,0,0,0,0,0,0,1
54,kowloon,1,0,0,0,0,0,0,0
55,kowloon,1,0,0,0,1,1,0,0
56,kowloon,0,1,0,0,0,0,0,0
57,kowloon,1,0,0,0,0,0,0,0
58,kowloon,1,0,0,0,0,0,0,1
59,kowloon,1,0,0,0,1,0,0,0
60,kowloon,0,0,0,0,0,0,0,0
61,kowloon,1,0,0,0,0,0,0,0
62,kowloon,1,0,0,0,1,0,0,0
63,hong kong island,0,1,0,0,0,0,0,0
64,hong kong island,1,0,0,0,0,0,0,0
65,kowloon,1,0,0,0,0,0,0,0
66,kowloon,1,0,1,0,0,0,0,0
67,kowloon,1,0,0,0,0,0,0,0
68,kowloon,1,0,0,0,0,0,0,1
69,kowloon,1,0,0,0,0,0,0,0
70,kowloon,1,0,0,0,1,0,0,0
71,kowloon,0,0,0,0,0,0,0,0
72,kowloon,1,0,0,0,1,0,0,0
73,kowloon,1,0,0,0,0,0,0,0
74,hong kong island,1,0,0,0,0,0,0,0
75,hong kong island,1,0,0,0,0,0,0,0
76,kowloon,1,0,0,0,0,0,0,0
77,kowloon,1,0,0,0,0,0,0,0
78,kowloon,1,0,0,0,0,0,0,0
79,kowloon,1,0,0,0,1,0,0,0
80,hong kong island,1,1,0,0,0,0,0,1
81,hong kong island,1,0,1,0,0,0,0,1
82,kowloon,1,0,0,0,1,0,0,0
83,kowloon,1,0,0,0,1,0,0,0
84,kowloon,1,0,0,0,1,0,0,0
85,kowloon,1,0,0,0,0,0,0,0
86,kowloon,0,0,0,0,0,0,1,0
87,new territories,1,0,0,0,0,0,0,1
88,new territories,1,0,0,0,0,0,0,0
89,new territories,0,0,0,0,0,0,0,0
90,new territories,1,0,0,0,1,0,0,0
91,hong kong island,1,0,1,0,0,0,0,0
92,china,0,0,0,0,0,0,0,0
93,china,1,0,0,0,0,0,1,0
94,china,0,0,0,0,0,0,1,0
95,china,0,0,0,0,0,0,1,0
96,china,0,0,0,0,0,0,1,0
97,china,0,0,0,0,0,0,1,0
98,china,0,0,0,0,0,0,1,0
99,hong kong island,0,1,0,0,0,0,0,1
100,china,0,0,0,0,0,0,1,0
101,china,0,0,0,0,0,0,1,0
102,china,1,0,0,0,0,0,0,0
103,china,0,0,0,0,0,0,1,0
104,kowloon,1,0,0,0,0,0,0,1
105,kowloon,1,0,0,0,0,0,0,0
106,kowloon,1,0,0,0,0,0,0,0
107,hong kong island,0,0,1,0,0,0,0,0
108,kowloon,1,0,0,0,0,0,0,1
109,kowloon,1,1,0,0,0,0,0,0
110,kowloon,1,0,0,0,0,0,0,0
111,kowloon,1,0,0,0,0,0,0,0
112,kowloon,1,0,0,0,0,0,0,0
113,kowloon,1,0,0,0,0,0,0,1
114,kowloon,1,0,0,0,0,0,0,0
115,hong kong island,1,0,1,0,0,0,0,0
116,kowloon,0,0,0,0,0,0,0,0
117,kowloon,0,0,0,0,0,0,1,0
118,kowloon,0,0,0,0,0,0,1,0
119,kowloon,1,0,1,0,0,0,0,0
120,hong kong island,0,0,1,0,0,0,0,0
121,kowloon,1,0,0,0,0,0,0,1
122,kowloon,1,0,0,0,0,0,0,1
123,kowloon,0,0,0,0,0,0,1,0
124,hong kong island,0,0,0,0,0,0,0,0
125,kowloon,0,0,0,0,0,0,1,0
126,kowloon,1,0,0,0,0,0,0,1
127,kowloon,1,0,0,0,0,0,0,0
128,kowloon,1,0,0,0,0,0,0,1
129,kowloon,1,1,0,0,0,0,0,1
130,kowloon,1,0,0,0,0,0,0,0
131,kowloon,0,1,0,0,0,0,0,1
132,kowloon,1,0,0,0,1,0,0,0
133,kowloon,1,1,0,0,0,0,0,1
134,kowloon,1,0,1,0,0,0,0,0
135,kowloon,1,0,0,0,0,0,0,0
136,hong kong island,0,0,1,0,0,0,0,0
137,kowloon,1,0,0,0,1,0,0,0
138,kowloon,1,0,0,0,0,0,0,0
139,hong kong island,1,0,0,0,0,0,0,0
140,kowloon,1,0,0,0,0,0,0,0
141,kowloon,0,1,0,0,0,0,0,0
142,kowloon,0,0,0,0,1,0,0,0
143,kowloon,1,0,1,0,0,1,0,0
144,kowloon,1,0,1,0,0,0,0,0
145,hong kong island,1,0,0,0,1,0,0,0
146,kowloon,1,0,1,0,0,0,0,0
147,kowloon,1,0,0,0,0,0,0,0
148,kowloon,0,0,1,0,0,0,0,0
149,hong kong island,0,0,0,0,0,0,0,1
150,kowloon,0,0,0,0,0,0,1,0
151,kowloon,0,0,0,0,0,0,1,0
152,hong kong island,1,0,0,1,0,0,0,1
153,hong kong island,1,0,0,0,0,0,0,0
154,hong kong island,1,0,0,0,0,0,0,0
155,kowloon,0,0,0,0,0,0,1,0
156,hong kong island,1,0,0,0,1,0,0,0
157,new territories,0,1,0,0,0,0,0,1
158,new territories,0,0,0,0,1,0,0,0
159,new territories,1,0,0,0,0,0,0,1
160,new territories,1,0,0,0,0,0,0,1
161,new territories,1,0,0,0,1,1,0,0
162,new territories,1,1,0,0,0,0,0,0
163,new territories,0,1,0,0,0,0,0,1
164,new territories,1,0,0,0,0,0,0,1
165,new territories,0,0,0,0,0,0,0,1
166,hong kong island,1,0,0,0,0,0,0,0
167,new territories,1,0,0,0,0,0,0,0
168,new territories,1,0,0,0,1,0,0,0
169,hong kong island,1,0,0,0,1,0,0,0
170,new territories,1,0,0,0,0,0,0,0
171,new territories,0,0,0,0,0,0,0,1
172,new territories,0,0,0,0,0,0,0,1
173,hong kong island,1,1,0,0,1,0,0,0
174,new territories,0,1,0,0,0,0,0,1
175,new territories,0,0,1,0,0,0,0,0
176,new territories,1,0,0,0,0,0,0,0
177,new territories,1,0,1,0,0,0,0,0
178,hong kong island,1,0,0,0,0,0,0,0
179,new territories,0,0,0,0,0,0,0,0
180,hong kong island,1,0,0,0,1,0,0,0
181,new territories,0,0,1,0,0,0,0,0
182,new territories,0,1,0,0,0,0,0,0
183,new territories,0,0,0,0,0,0,0,1
184,new territories,0,0,0,0,0,0,0,0
185,new territories,1,0,0,0,1,1,0,0
186,new territories,1,0,0,0,0,0,0,0
187,hong kong island,1,0,1,0,0,0,0,0
188,new territories,1,1,0,0,0,0,0,0
189,new territories,1,0,0,0,0,0,0,0
190,new territories,1,1,0,0,0,0,0,1
191,hong kong island,1,0,0,0,1,0,0,0
192,hong kong island,1,0,0,0,1,0,0,0
193,kowloon,1,1,0,0,0,0,0,1
194,kowloon,1,0,0,0,0,0,0,0
195,kowloon,1,0,0,0,1,1,0,0
196,kowloon,1,0,0,0,1,0,0,0
197,hong kong island,1,0,1,0,0,0,0,0
198,hong kong island,0,0,0,0,1,0,0,0
199,kowloon,1,0,0,0,1,0,0,0
200,kowloon,0,0,0,0,0,0,1,0
201,hong kong island,1,0,0,0,1,0,0,0
202,hong kong island,1,0,0,0,0,0,0,0
203,kowloon,0,0,0,0,0,0,0,1
204,kowloon,0,0,0,0,0,0,0,1
205,kowloon,0,1,0,0,0,0,0,1
206,kowloon,1,0,1,0,0,0,0,0
207,kowloon,1,0,1,0,0,0,0,0
208,kowloon,1,1,0,0,0,0,0,0
209,hong kong island,0,0,0,0,1,0,0,0
210,kowloon,0,1,0,0,0,0,0,1
211,hong kong island,0,0,0,0,0,0,0,0
212,kowloon,1,0,0,0,1,0,0,0
213,kowloon,1,0,1,0,0,0,0,0
214,kowloon,1,0,0,0,0,0,0,0
215,kowloon,0,0,0,0,0,0,1,0
216,kowloon,0,1,0,0,0,0,0,0
217,kowloon,1,0,0,0,0,0,0,0
218,kowloon,1,1,1,0,0,0,0,0
219,hong kong island,0,0,0,0,0,0,1,0
220,kowloon,1,1,0,0,0,0,0,0
221,kowloon,1,0,0,0,0,0,0,0
222,hong kong island,1,0,0,0,1,0,0,0
223,kowloon,0,0,0,0,0,0,0,0
224,kowloon,1,1,0,0,0,0,0,1
225,kowloon,0,1,0,0,0,0,0,0
226,hong kong island,1,0,0,0,1,0,0,0
227,hong kong island,1,0,0,0,1,0,0,0
228,kowloon,0,0,0,0,0,0,1,0
229,hong kong island,1,0,0,0,0,0,0,0
230,kowloon,1,0,0,0,0,0,0,0
231,hong kong island,1,0,0,0,0,0,0,0
232,new territories,0,0,0,0,0,0,1,0
233,hong kong island,0,0,0,0,0,0,1,0
234,new territories,0,0,0,0,0,0,1,0
235,kowloon,1,1,0,0,0,0,0,0
236,kowloon,1,1,0,0,0,0,0,0
237,kowloon,1,1,0,0,0,0,0,1
238,kowloon,0,0,0,0,0,0,0,0
239,kowloon,0,0,0,0,0,0,0,0
240,kowloon,1,0,0,0,0,0,0,0
241,kowloon,1,1,0,0,0,0,0,0
242,kowloon,0,1,0,0,0,0,0,0
243,kowloon,1,1,0,0,0,0,0,1
244,kowloon,0,1,0,0,0,0,0,0
245,kowloon,0,0,0,0,0,0,0,0
246,hong kong island,0,0,0,0,0,0,0,1
247,kowloon,1,0,0,0,0,0,0,0
248,kowloon,0,1,1,0,0,0,0,1
249,kowloon,0,0,0,0,0,0,0,0
250,kowloon,1,0,0,0,0,0,0,0
251,kowloon,0,0,0,0,0,0,0,0
252,kowloon,1,0,0,0,0,0,0,0
253,hong kong island,0,1,0,0,0,0,0,0
254,kowloon,1,0,0,0,0,0,0,0
255,new territories,1,0,0,0,0,0,0,0
256,hong kong island,0,1,0,0,0,0,0,1
257,new territories,0,0,0,0,0,0,0,0
258,new territories,1,0,0,0,0,0,0,1
259,macau,1,0,0,0,0,0,0,0
260,macau,1,0,0,0,0,0,0,0
261,macau,1,0,0,0,0,0,0,0
262,macau,1,0,0,0,0,0,0,0
263,macau,1,0,0,0,0,0,0,0
264,macau,1,0,0,0,0,0,0,1
265,macau,1,0,0,0,0,0,0,0
266,macau,1,1,0,0,0,0,0,1
267,macau,1,0,0,0,0,0,0,0
268,macau,1,0,0,0,1,0,0,0
269,macau,1,0,0,0,0,0,0,0
270,macau,1,0,0,0,0,0,0,0
271,macau,1,0,0,0,0,0,0,0
272,macau,1,0,0,0,0,0,0,1
273,macau,1,0,0,0,1,0,0,0
274,macau,1,0,0,0,1,0,0,0
275,macau,0,0,0,0,0,0,0,0
276,macau,1,0,0,0,1,0,0,0
277,macau,1,0,0,0,1,0,0,0
278,macau,1,0,0,0,0,0,0,0
279,macau,1,0,0,0,1,0,0,0
280,macau,1,0,0,0,0,0,0,0
281,macau,1,0,0,0,0,0,0,0
282,macau,0,0,0,0,0,0,0,0
283,macau,1,0,0,0,1,0,0,0
284,macau,1,0,0,0,0,0,0,0
285,macau,1,0,0,0,1,0,0,0
286,macau,1,0,0,0,0,0,0,0
287,macau,1,0,0,0,0,0,0,0
288,macau,1,0,0,0,1,0,0,0
289,macau,1,0,0,0,0,0,0,0
290,macau,1,0,0,0,0,0,0,0
291,macau,1,0,0,0,0,0,0,0
292,macau,1,0,0,0,0,0,0,0
293,macau,0,0,0,0,0,0,0,0
294,macau,1,0,0,0,0,0,0,0
295,macau,1,0,0,0,0,0,0,0
296,macau,1,0,0,0,0,0,0,0
297,macau,1,0,0,0,1,0,0,0
298,new territories,1,0,0,0,0,0,0,0
299,new territories,1,0,0,0,0,0,0,1
300,new territories,1,0,0,0,0,0,0,1
301,new territories,1,0,0,0,0,0,0,1
302,kowloon,1,0,0,0,0,0,0,0
303,kowloon,1,0,0,0,0,0,0,0
304,kowloon,1,0,0,0,0,0,0,0
305,kowloon,1,0,0,0,1,0,0,0
306,kowloon,1,0,0,0,1,0,0,0
307,kowloon,1,0,0,0,0,0,0,0
308,kowloon,1,0,0,0,0,0,0,0
309,kowloon,1,0,0,0,0,0,0,0
310,kowloon,1,0,0,0,0,0,0,0
311,hong kong island,1,1,0,0,0,0,0,1
312,hong kong island,0,1,0,0,0,0,0,0
313,hong kong island,1,0,0,0,0,0,0,0
314,kowloon,1,0,0,0,0,0,0,0
315,kowloon,0,0,0,0,0,0,0,0
316,kowloon,1,0,0,0,0,0,0,0
317,kowloon,1,0,0,0,0,0,0,0
318,kowloon,1,0,0,0,0,0,0,0
319,hong kong island,0,0,0,0,0,0,0,0
320,kowloon,1,0,0,0,1,0,0,0
321,kowloon,0,0,0,0,0,0,1,0
322,kowloon,1,0,0,0,1,0,0,0
323,kowloon,1,0,0,0,0,0,0,0
324,kowloon,1,0,0,0,0,0,0,0
325,kowloon,1,0,0,0,0,0,0,0
326,kowloon,1,0,0,0,0,0,0,0
327,hong kong island,0,0,0,0,0,0,1,0
328,hong kong island,0,0,0,0,0,0,1,0
329,kowloon,1,1,0,0,0,0,0,0
330,kowloon,1,0,0,0,0,0,0,0
331,kowloon,1,0,0,0,0,0,0,0
332,kowloon,1,0,0,0,1,0,0,0
333,kowloon,1,0,0,0,1,0,0,0
334,kowloon,1,0,0,0,0,0,0,0
335,kowloon,1,0,1,0,0,0,0,0
336,,0,0,0,0,0,0,1,0
337,,0,0,0,0,0,0,1,0
338,,0,0,0,0,0,0,1,0
339,,0,0,0,0,0,0,1,0
340,,0,0,0,0,0,0,1,0
341,,0,0,0,0,0,0,1,0
342,,0,0,0,0,0,0,1,0
343,,0,0,0,0,0,0,1,0
344,,0,0,0,0,0,0,1,0
345,hong kong island,0,0,0,0,0,0,1,0
346,,0,0,0,0,0,0,1,0
347,,0,0,0,0,0,0,1,0
348,,0,0,0,0,0,0,1,0
349,new territories,1,0,1,0,0,0,0,0
350,new territories,1,0,1,0,0,0,0,0
351,new territories,0,0,0,0,0,0,0,0
352,new territories,0,1,0,0,0,0,0,0
353,new territories,1,1,0,0,0,0,0,0
354,new territories,0,1,0,0,0,0,0,1
355,new territories,1,0,0,1,0,0,0,0
356,new territories,1,0,0,1,0,0,0,1
357,new territories,1,0,0,0,0,0,0,1
358,new territories,0,1,0,0,0,0,0,1
359,new territories,1,1,0,0,0,0,0,1
360,new territories,0,1,0,0,0,0,1,0
361,hong kong island,1,0,0,0,1,0,0,0
362,new territories,0,0,0,0,0,0,0,1
363,hong kong island,1,0,0,0,0,0,0,0
364,new territories,1,0,0,0,0,0,0,0
365,new territories,1,0,1,0,0,1,0,0
366,hong kong island,0,0,0,0,1,0,0,0
367,new territories,0,0,0,0,0,0,0,0
368,new territories,1,1,0,0,0,0,0,0
369,hong kong island,0,0,0,0,0,0,0,0
370,new territories,0,0,0,0,0,0,0,0
371,new territories,0,0,0,0,0,0,0,0
372,new territories,1,0,0,0,0,0,0,0
373,new territories,0,0,0,0,0,0,0,0
374,new territories,1,0,0,0,0,0,0,0
375,hong kong island,1,0,0,0,0,0,0,1
376,new territories,1,1,0,0,0,0,0,0
377,new territories,1,0,0,0,0,0,0,1
378,new territories,0,0,0,0,0,0,1,0
379,hong kong island,0,0,0,0,0,0,1,1
380,new territories,0,0,0,0,0,0,0,1
381,new territories,0,0,0,0,0,0,0,0
382,hong kong island,1,0,0,0,0,0,0,0
383,new territories,1,0,0,0,0,0,0,0
384,new territories,1,0,0,0,0,0,0,0
385,new territories,1,1,0,0,0,0,0,0
386,new territories,1,1,0,0,0,0,0,1
387,new territories,0,0,0,0,0,0,0,1
388,hong kong island,0,0,0,0,0,0,0,0
389,new territories,1,0,0,0,0,0,0,1
390,new territories,0,1,0,0,0,0,0,1
391,new territories,1,0,0,0,0,0,0,0
392,new territories,1,0,0,0,0,0,0,0
393,new territories,0,0,0,0,0,0,0,1
394,new territories,1,0,1,0,0,0,0,0
395,new territories,1,0,0,0,0,0,0,0
396,new territories,1,1,0,0,0,0,0,0
397,hong kong island,1,0,0,0,1,0,0,0
398,new territories,1,1,0,0,0,0,0,1
399,new territories,1,0,0,0,0,0,0,0
400,new territories,1,0,0,0,1,0,0,0
401,hong kong island,0,0,0,0,0,0,0,0
402,new territories,1,0,0,0,0,0,0,1
403,new territories,1,0,0,0,1,0,0,0
404,new territories,1,0,0,0,1,0,0,0
405,new territories,0,0,1,0,0,0,0,0
406,kowloon,1,0,0,0,0,0,0,0
407,kowloon,1,1,0,0,0,0,0,0
408,kowloon,1,0,0,0,0,0,0,1
409,kowloon,0,0,0,0,0,0,0,1
410,hong kong island,0,0,0,0,0,0,0,0
411,hong kong island,0,0,0,0,0,0,0,0
412,kowloon,1,1,0,0,0,0,0,0
413,kowloon,1,0,0,0,1,0,0,0
414,kowloon,0,0,0,0,1,0,0,1
415,hong kong island,0,0,0,0,0,0,0,1
416,kowloon,0,1,0,0,0,0,0,1
417,kowloon,0,1,0,0,0,0,0,0
418,hong kong island,1,0,0,0,0,0,0,0
419,kowloon,0,1,0,0,0,0,0,0
420,kowloon,1,0,0,0,0,0,0,1
421,kowloon,1,0,0,0,0,0,0,0
422,kowloon,0,0,0,0,0,0,0,0
423,kowloon,1,0,0,0,1,0,0,0
424,hong kong island,1,0,0,0,1,0,0,0
425,hong kong island,1,0,0,0,0,0,0,0
426,hong kong island,0,0,0,0,0,0,0,0
427,hong kong island,1,0,1,0,0,0,0,0
428,hong kong island,1,0,0,0,0,0,0,0
429,hong kong island,1,0,0,0,0,0,0,0
430,hong kong island,1,0,0,0,0,0,0,0
431,hong kong island,1,0,0,0,1,0,0,0
432,hong kong island,1,0,0,0,0,0,0,0
433,hong kong island,1,0,0,0,0,0,0,1
434,hong kong island,1,0,0,0,0,0,0,0
435,hong kong island,0,0,0,0,0,0,1,0
436,hong kong island,1,0,0,0,0,0,0,0
437,hong kong island,1,0,1,0,0,0,0,0
438,hong kong island,1,0,0,0,1,0,0,0
439,hong kong island,1,0,0,0,1,0,0,0
440,hong kong island,1,0,0,0,0,0,0,0
441,hong kong island,0,0,0,0,0,0,0,0
442,hong kong island,1,0,0,0,1,0,0,0
443,hong kong island,0,0,0,0,0,0,1,0
444,hong kong island,1,0,0,0,1,0,0,0
445,hong kong island,1,1,0,0,0,0,0,0
446,kowloon,1,1,0,0,0,0,0,0
447,kowloon,0,0,0,0,0,0,1,0
448,kowloon,1,1,0,0,0,0,0,1
449,new territories,0,0,0,0,0,0,1,0
450,kowloon,1,0,0,0,0,0,0,0
451,new territories,1,0,0,0,1,0,0,0
452,hong kong island,1,0,1,0,0,0,0,0
453,hong kong island,1,0,0,0,0,0,0,0
454,new territories,1,0,0,0,0,0,0,0
455,new territories,1,0,0,0,0,0,0,0
456,new territories,0,0,0,0,0,0,0,0
457,new territories,1,0,0,0,0,0,0,0
458,new territories,1,0,1,0,0,0,0,0
459,new territories,1,0,0,0,0,0,0,0
460,kowloon,1,0,0,0,1,0,0,0
461,kowloon,1,0,1,0,0,0,0,0
462,kowloon,1,0,0,0,0,0,0,0
463,kowloon,0,0,0,0,0,0,0,0
464,kowloon,1,0,1,0,0,1,0,0
465,kowloon,1,0,0,1,1,0,0,1
466,kowloon,0,1,0,0,0,0,0,0
467,kowloon,0,0,0,0,0,0,0,0
468,hong kong island,1,0,0,0,0,0,0,0
469,kowloon,0,1,0,0,0,0,0,1
470,kowloon,1,1,0,0,0,0,0,0
471,hong kong island,1,0,0,0,1,0,0,0
472,kowloon,1,0,0,1,0,0,0,1
473,kowloon,1,1,0,0,0,0,0,1
474,new territories,1,1,0,0,0,0,0,0
475,new territories,1,0,0,0,0,0,0,1
476,new territories,1,1,0,0,0,0,0,1
477,new territories,1,1,0,0,0,0,0,0
478,new territories,1,0,0,0,0,0,0,0
479,hong kong island,1,0,0,0,0,0,0,0
480,hong kong island,1,0,0,0,0,0,0,0
481,new territories,0,0,0,0,0,0,0,0
482,new territories,1,0,1,0,0,0,0,0
483,new territories,1,0,0,0,0,0,0,0
484,new territories,1,1,0,0,0,0,0,0
485,new territories,1,0,0,0,0,0,0,0
486,new territories,0,0,1,0,0,0,0,0
487,new territories,1,1,0,0,0,0,0,1
488,new territories,1,0,0,0,0,0,0,1
489,new territories,0,0,0,0,0,0,0,1
490,new territories,1,0,0,0,0,0,0,0
491,new territories,0,1,0,0,0,0,0,1
492,new territories,1,0,0,0,0,0,0,1
493,new territories,1,0,0,0,0,0,0,0
494,new territories,0,0,1,0,0,0,0,0
495,new territories,1,0,0,0,0,0,0,0
496,new territories,1,1,0,0,0,0,0,1
497,new territories,1,0,0,0,0,0,0,0
498,new territories,1,1,1,0,0,0,0,0
499,new territories,1,0,0,0,0,0,0,1
500,new territories,1,0,0,0,0,0,0,0
501,new territories,1,0,0,0,0,0,0,0
502,new territories,0,0,0,0,0,0,0,0
503,new territories,0,0,0,0,0,0,0,1
504,new territories,0,0,0,0,0,0,0,1
505,new territories,0,0,0,0,0,0,0,1
506,new territories,1,1,0,0,0,0,0,1
507,new territories,0,1,0,0,0,0,0,1
508,new territories,0,1,0,0,0,0,0,1
509,new territories,1,0,0,0,0,0,0,1
510,new territories,1,0,0,0,0,0,0,0
511,new territories,0,0,0,0,0,0,0,0
512,new territories,1,1,0,0,0,0,0,0
513,new territories,1,0,0,0,0,0,0,1
514,new territories,1,0,0,0,0,0,0,1
515,new territories,0,1,0,0,0,0,0,0
516,new territories,0,0,0,0,0,0,1,0
517,new territories,1,0,0,0,0,0,0,0
518,new territories,1,0,0,0,0,0,0,0
519,kowloon,1,0,0,0,0,0,0,0
520,kowloon,1,1,0,0,0,0,0,0
521,kowloon,1,0,0,0,0,0,0,0
522,kowloon,1,1,0,0,0,0,0,1
523,kowloon,1,0,0,0,1,0,0,0
524,kowloon,1,0,0,0,0,0,0,0
525,kowloon,1,0,0,0,1,0,0,0
526,kowloon,1,0,0,0,0,0,0,0
527,kowloon,1,0,0,0,0,0,0,0
528,kowloon,1,0,0,0,0,0,0,0
529,kowloon,1,0,0,0,0,0,0,0
530,kowloon,1,0,0,0,1,0,0,0
531,kowloon,1,0,0,0,1,0,0,0
532,kowloon,0,1,0,0,0,0,0,0
533,kowloon,1,0,0,0,1,0,0,0
534,kowloon,1,0,0,0,0,0,0,0
535,kowloon,0,0,0,0,1,0,0,0
536,hong kong island,1,0,0,0,0,0,0,0
537,kowloon,1,0,0,0,1,0,0,0
538,kowloon,0,0,1,0,0,0,0,0
539,shek kip mei,0,1,0,0,0,0,0,1
540,shek kip mei,1,0,0,0,0,0,0,1
541,shek kip mei,0,0,0,0,0,0,1,0
542,shek kip mei,1,0,0,0,0,0,0,0
543,hong kong island,1,0,0,0,1,0,0,0
544,new territories,0,0,0,0,0,0,0,1
545,new territories,1,1,1,0,0,0,0,0
546,new territories,1,0,0,0,0,0,0,0
547,hong kong island,1,0,0,0,1,0,0,0
548,hong kong island,1,0,0,0,1,0,0,0
549,hong kong island,1,0,0,0,0,0,0,0
550,new territories,1,0,0,0,0,0,0,0
551,new territories,0,0,0,0,0,0,1,0
552,new territories,1,0,0,0,0,0,0,1
553,new territories,1,0,0,0,0,0,0,0
554,new territories,0,0,1,0,0,0,0,0
555,hong kong island,1,0,0,0,1,0,0,0
556,new territories,1,0,0,0,0,0,0,0
557,new territories,0,0,0,0,0,0,0,1
558,new territories,1,0,0,0,0,0,0,0
559,new territories,0,1,0,0,0,0,0,1
560,new territories,1,0,0,0,0,0,0,0
561,hong kong island,0,0,0,0,0,0,0,0
562,hong kong island,1,0,0,0,0,0,0,0
563,hong kong island,1,0,0,0,0,0,0,0
564,hong kong island,1,0,0,0,0,0,0,0
565,hong kong island,0,0,0,0,0,0,1,0
566,kowloon,1,0,0,0,0,0,0,0
567,kowloon,1,0,0,0,0,0,0,0
568,kowloon,1,0,0,0,1,0,0,0
569,kowloon,1,0,0,0,0,0,0,1
570,kowloon,1,0,0,0,0,0,0,1
571,kowloon,1,0,0,0,0,0,0,0
572,kowloon,0,1,0,0,0,0,0,0
573,new territories,0,0,0,0,0,0,0,0
574,new territories,1,1,0,0,0,0,0,1
575,new territories,1,1,0,0,0,0,0,1
576,new territories,0,0,0,0,0,0,0,0
577,new territories,1,1,0,0,0,0,0,1
578,new territories,1,0,0,0,0,0,0,0
579,new territories,1,0,0,0,0,0,0,0
580,new territories,0,0,0,0,0,0,0,0
581,new territories,1,0,0,0,0,0,0,0
582,new territories,0,0,0,0,0,0,0,0
583,new territories,0,1,0,0,0,0,0,0
584,new territories,1,1,0,0,0,0,0,1
585,new territories,1,0,0,0,0,0,0,0
586,new territories,1,0,0,0,0,0,0,0
587,hong kong island,1,0,0,0,1,0,0,0
588,new territories,1,0,1,0,0,0,0,0
589,new territories,1,1,0,0,0,0,0,0
590,new territories,1,0,0,0,0,0,0,0
591,new territories,0,1,0,0,0,0,0,1
592,new territories,1,1,0,0,0,0,0,1
593,new territories,1,0,0,0,0,0,0,0
594,new territories,1,0,0,0,1,0,0,0
595,new territories,0,0,0,0,0,0,0,0
596,new territories,1,0,0,0,0,0,0,0
597,new territories,1,0,0,0,0,0,0,0
598,new territories,0,0,0,0,0,0,1,0
599,new territories,0,0,0,0,0,0,1,0
600,new territories,1,1,0,0,0,0,0,1
601,new territories,1,0,0,1,0,0,0,0
602,hong kong island,1,0,1,0,0,0,0,0
603,new territories,1,0,0,0,0,0,0,0
604,new territories,0,1,0,0,0,0,0,1
605,macau,1,0,0,0,0,0,0,0
606,macau,1,0,0,0,0,0,0,0
607,macau,1,0,0,0,0,0,0,0
608,new territories,1,0,0,0,0,0,0,1
609,new territories,1,1,0,0,0,0,0,0
610,new territories,0,0,0,0,0,0,1,0
611,new territories,1,0,0,0,0,0,0,0
612,new territories,1,0,0,0,0,0,0,1
613,new territories,1,1,0,0,0,0,0,1
614,new territories,0,0,0,0,0,0,0,0
615,new territories,1,0,0,0,0,0,0,0
616,new territories,1,0,0,0,0,0,0,0
617,new territories,1,1,0,0,0,0,0,1
618,new territories,1,0,0,0,0,0,0,0
619,new territories,0,0,0,0,0,0,0,0
620,new territories,1,1,0,0,0,0,0,0
621,hong kong island,1,0,1,0,0,0,0,0
622,new territories,1,0,0,0,0,0,0,0
623,new territories,1,1,0,0,0,0,0,1
624,new territories,1,0,0,0,0,0,0,0
625,new territories,0,1,0,0,0,0,0,0
626,new territories,0,0,0,0,0,0,1,0
627,new territories,0,0,0,0,0,0,1,0
628,kowloon,0,0,0,0,1,0,0,0
629,kowloon,1,0,0,0,0,0,0,0
630,kowloon,0,0,0,0,0,0,0,0
631,kowloon,1,0,0,0,1,0,0,0
632,kowloon,1,0,0,0,1,0,0,0
633,kowloon,1,0,0,0,1,0,0,0
634,hong kong island,1,0,0,0,0,0,0,0
635,kowloon,1,0,1,0,0,0,0,0
636,kowloon,1,0,0,0,0,0,0,0
637,kowloon,1,0,0,0,0,0,0,1
638,kowloon,1,0,0,0,0,0,0,0
639,new territories,0,1,0,0,0,0,0,0
640,hong kong island,1,1,0,0,0,0,0,0
641,new territories,0,0,0,0,0,0,0,1
642,new territories,0,0,0,1,1,0,0,0
643,hong kong island,1,0,0,0,0,0,0,0
644,new territories,1,1,0,0,0,0,0,1
645,new territories,1,1,0,0,0,0,0,0
646,new territories,1,0,1,0,0,0,0,0
647,new territories,0,1,0,0,0,0,0,0
648,new territories,0,1,1,0,0,0,0,0
649,new territories,1,1,0,0,0,0,0,0
650,new territories,0,1,0,0,0,0,0,0
651,new territories,1,1,0,0,0,0,0,0
652,new territories,1,1,0,0,0,0,0,0
653,new territories,1,1,0,0,0,0,0,1
654,new territories,0,0,1,0,0,0,0,1
655,new territories,0,0,0,0,0,0,1,0
656,new territories,0,1,0,0,0,0,0,1
657,new territories,0,1,0,0,0,0,0,0
658,new territories,1,0,0,0,0,0,0,1
659,new territories,1,0,0,0,0,0,0,0
660,hong kong island,1,0,0,0,1,0,0,0
661,new territories,0,0,1,0,0,0,0,0
662,new territories,1,0,0,0,0,0,0,1
663,new territories,0,0,0,0,0,0,0,0
664,new territories,1,0,1,0,0,1,0,0
665,hong kong island,1,0,0,0,0,0,0,0
666,new territories,0,1,0,0,0,0,0,1
667,new territories,1,0,0,0,0,0,0,0
668,new territories,1,1,0,0,0,0,0,0
669,new territories,1,0,0,0,0,0,0,1
670,new territories,0,1,0,0,0,0,0,0
671,hong kong island,1,0,0,0,1,0,0,0
672,new territories,0,0,0,0,0,0,1,0
673,new territories,0,0,0,0,0,0,1,0
674,new territories,0,1,0,0,0,0,0,0
675,new territories,0,0,1,0,0,0,0,0
676,new territories,0,1,0,0,0,0,0,0
677,new territories,0,0,0,0,0,0,0,0
678,new territories,0,0,0,0,0,0,0,0
679,new territories,1,0,0,0,1,0,0,0
680,new territories,0,1,0,0,0,0,0,1
681,new territories,1,0,1,0,0,0,0,0
682,new territories,1,0,0,0,0,0,0,0
683,new territories,1,0,0,0,1,0,0,0
684,new territories,1,0,0,0,1,0,0,0
685,hong kong island,1,0,0,0,0,0,0,0
686,new territories,1,0,0,0,1,0,0,0
687,new territories,0,0,0,0,0,0,0,0
688,hong kong island,0,0,0,0,0,0,0,0
689,new territories,1,0,0,0,0,0,0,0
690,new territories,1,0,0,0,0,0,0,0
691,new territories,1,0,0,0,0,0,0,0
692,hong kong island,1,0,0,0,1,0,0,0
693,new territories,0,0,0,0,0,0,0,0
694,new territories,1,1,0,0,0,0,0,0
695,new territories,1,0,0,0,0,0,0,0
696,new territories,1,0,0,0,1,0,0,0
697,new territories,1,0,0,0,0,0,0,0
698,new territories,1,0,0,0,0,0,0,0
699,new territories,1,0,0,0,0,0,0,0
700,new territories,1,0,0,0,0,0,0,0
701,new territories,1,0,0,0,0,0,0,0
702,hong kong island,1,1,0,0,0,0,0,0
703,hong kong island,1,0,0,0,1,0,0,0
704,new territories,1,0,0,0,1,0,0,0
705,new territories,1,0,0,0,0,0,0,0
706,new territories,1,0,0,0,0,0,0,0
707,new territories,0,0,0,0,1,0,0,0
708,hong kong island,1,0,0,0,0,0,0,0
709,new territories,1,0,1,0,0,0,0,0
710,new territories,1,1,0,0,0,0,0,1
711,new territories,0,1,0,0,0,0,0,1
712,new territories,1,0,1,0,0,0,0,0
713,new territories,1,0,0,0,0,0,0,0
714,new territories,0,1,0,0,0,0,0,1
715,new territories,1,0,0,0,0,0,0,0
716,hong kong island,1,0,0,0,0,0,0,0
717,new territories,1,0,0,0,1,0,0,0
718,hong kong island,1,0,0,0,0,0,0,0
719,hong kong island,1,0,0,0,1,0,0,0
720,new territories,1,1,0,0,0,0,0,0
721,hong kong island,1,0,0,0,0,0,0,0
722,new territories,1,0,0,0,0,0,0,0
723,new territories,1,0,0,0,1,0,0,0
724,new territories,1,0,0,0,0,0,0,0
725,new territories,1,0,0,0,0,0,0,0
726,new territories,0,0,1,0,0,0,1,0
727,new territories,1,0,0,0,1,0,0,0
728,hong kong island,1,0,0,0,0,0,0,0
729,new territories,1,0,0,0,0,0,0,0
730,new territories,1,0,0,0,0,0,0,0
731,kowloon,1,0,0,0,1,0,0,0
732,hong kong island,1,0,1,0,0,0,0,0
733,kowloon,1,0,1,0,0,0,0,0
734,kowloon,0,0,0,0,0,0,0,0
735,kowloon,1,0,0,0,1,0,0,0
736,kowloon,1,0,0,0,1,0,0,0
737,kowloon,1,0,0,0,0,0,0,0
738,kowloon,1,0,0,0,1,0,0,0
739,kowloon,1,0,1,0,0,0,0,0
740,kowloon,1,0,1,0,0,0,0,0
741,kowloon,1,0,1,0,0,0,0,0
742,hong kong island,0,0,0,0,0,0,1,0
743,kowloon,1,0,0,0,0,0,0,0
744,kowloon,1,0,0,0,0,0,0,0
745,kowloon,1,0,0,0,0,0,0,0
746,kowloon,1,0,0,0,1,0,0,0
747,kowloon,0,0,1,0,0,0,0,0
748,kowloon,1,0,1,0,0,0,0,0
749,kowloon,1,0,0,0,1,0,0,0
750,kowloon,1,0,1,0,0,0,0,0
751,kowloon,0,0,0,0,0,0,1,0
752,hong kong island,0,1,0,0,0,0,0,0
753,kowloon,0,0,0,0,0,0,1,0
754,new territories,0,0,0,1,1,0,0,1
755,new territories,1,0,0,1,0,0,0,0
756,new territories,1,0,0,0,0,0,0,0
757,new territories,0,1,0,0,0,0,0,0
758,new territories,0,0,0,0,0,0,0,0
759,new territories,0,1,0,0,0,0,0,1
760,new territories,1,0,0,0,0,0,0,1
761,new territories,0,1,0,0,0,0,0,0
762,hong kong island,1,0,0,0,0,0,0,0
763,new territories,0,0,1,0,0,0,0,1
764,hong kong island,1,1,0,0,0,0,0,0
765,hong kong island,1,0,0,0,0,0,0,0
766,new territories,1,1,0,0,0,0,0,0
767,new territories,1,1,0,0,0,0,0,1
768,new territories,0,0,0,0,0,0,0,0
769,hong kong island,1,0,0,0,0,0,0,0
770,new territories,1,1,0,0,0,0,0,0
771,new territories,1,0,0,0,0,0,0,0
772,new territories,1,1,0,0,0,0,0,1
773,new territories,1,0,0,0,0,0,0,0
774,new territories,0,0,0,0,0,0,1,0
775,new territories,0,0,0,0,0,0,1,0
776,kowloon,1,0,0,0,0,0,0,1
777,kowloon,0,1,0,0,0,0,0,1
778,kowloon,1,1,0,0,0,0,0,1
779,kowloon,1,0,0,0,0,0,0,0
780,kowloon,1,0,0,0,0,0,0,0
781,kowloon,0,1,1,0,0,0,0,0
782,hong kong island,1,0,0,0,0,0,0,0
783,kowloon,1,0,0,0,0,0,0,0
784,new territories,0,0,0,0,0,0,0,1
785,new territories,0,0,0,0,0,0,0,1
786,new territories,0,1,0,0,0,0,0,1
787,hong kong island,1,0,0,0,0,0,0,1
788,new territories,1,1,0,0,0,0,0,0
789,hong kong island,0,0,0,0,0,0,1,0
790,new territories,0,1,0,0,0,0,0,0
791,new territories,1,0,0,0,0,0,0,0
792,hong kong island,0,0,0,0,0,0,0,0
793,hong kong island,0,0,0,0,1,0,0,0
794,new territories,0,1,0,0,0,0,0,1
795,hong kong island,1,0,0,0,0,0,0,0
796,hong kong island,1,0,0,0,0,0,0,0
797,hong kong island,1,0,0,0,0,0,0,0
798,new territories,1,0,0,0,0,0,0,0
799,new territories,0,1,0,0,0,0,0,0
800,new territories,1,0,0,0,0,0,0,0
801,new territories,1,1,0,0,0,0,0,0
802,new territories,1,1,0,0,0,0,0,0
803,new territories,0,0,0,0,0,0,0,0
804,new territories,1,0,0,0,0,0,0,0
805,hong kong island,1,0,0,0,1,0,0,0
806,new territories,0,1,0,0,0,0,0,0
807,new territories,1,1,0,0,0,0,0,0
808,new territories,1,1,0,0,0,0,0,0
809,new territories,1,0,0,0,0,0,0,0
810,new territories,0,1,1,0,0,0,0,1
811,new territories,1,0,0,0,0,0,0,0
812,hong kong island,1,0,0,0,0,0,0,0
813,new territories,0,0,0,0,0,0,0,0
814,new territories,1,0,0,0,1,0,0,0
815,new territories,1,0,0,0,0,0,0,1
816,hong kong island,1,0,0,0,0,0,0,0
817,new territories,0,0,0,0,0,0,0,1
818,new territories,1,0,0,0,0,0,0,0
819,hong kong island,1,0,0,0,0,0,0,0
820,new territories,1,0,0,0,0,0,0,0
821,new territories,1,0,0,0,0,0,0,0
822,new territories,1,0,0,0,0,0,0,0
823,new territories,1,0,1,0,0,0,0,0
824,hong kong island,1,0,1,0,0,0,0,0
825,hong kong island,1,0,1,0,0,0,0,0
826,hong kong island,1,0,0,0,0,0,0,0
827,hong kong island,1,0,0,0,1,0,0,0
828,new territories,0,0,0,0,0,0,0,0
829,new territories,1,0,0,0,0,0,0,0
830,new territories,0,1,0,0,0,0,0,1
831,new territories,1,0,0,0,0,0,0,0
832,hong kong island,1,0,0,0,1,0,0,0
833,new territories,1,0,0,0,0,0,0,1
834,new territories,1,1,0,0,0,0,0,0
835,hong kong island,1,0,0,0,0,0,0,0
836,new territories,1,0,0,0,0,0,0,0
837,new territories,1,0,0,0,0,0,0,1
838,new territories,1,0,0,0,0,0,0,0
839,new territories,0,0,0,0,0,0,0,0
840,hong kong island,1,0,0,0,1,0,0,0
841,new territories,0,0,1,0,0,0,0,0
842,hong kong island,1,0,0,0,1,0,0,0
843,hong kong island,1,0,0,0,1,0,0,0
844,new territories,1,1,0,0,0,0,0,0
845,new territories,1,0,0,0,0,0,0,0
846,new territories,1,0,0,0,0,0,0,0
847,new territories,1,1,0,0,0,0,0,0
848,new territories,0,0,0,0,0,0,0,0
849,hong kong island,1,0,0,0,1,0,0,0
850,new territories,1,0,0,0,0,0,0,0
851,new territories,1,0,0,0,0,0,0,0
852,new territories,0,1,1,0,0,0,0,0
853,new territories,1,0,0,0,0,0,0,0
854,new territories,0,0,0,0,0,0,0,0
855,new territories,0,0,0,0,0,0,0,0
856,new territories,1,1,0,0,0,0,0,0
857,new territories,1,0,0,0,0,0,0,0
858,new territories,1,0,0,0,0,0,0,0
859,new territories,1,1,0,0,0,0,0,1
860,kowloon,0,0,1,0,0,0,0,0
861,kowloon,0,0,1,0,0,0,0,0
862,kowloon,0,0,1,0,0,0,0,1
863,kowloon,0,0,0,0,0,0,0,0
864,hong kong island,0,0,0,0,0,0,1,0
865,hong kong island,1,0,0,0,0,0,0,0
866,hong kong island,0,0,0,0,0,0,0,0
867,kowloon,0,1,0,0,0,0,0,0
868,kowloon,0,1,0,0,0,0,0,0
869,kowloon,1,0,0,1,1,0,0,1
870,hong kong island,1,0,0,0,1,0,0,0
871,kowloon,1,0,0,0,0,0,0,0
872,kowloon,1,0,0,0,0,0,0,1
873,hong kong island,1,0,0,0,0,0,0,0
874,kowloon,1,1,0,0,0,0,0,0
875,kowloon,0,1,0,0,0,0,0,1
876,kowloon,1,0,0,0,0,0,0,1
877,kowloon,1,0,0,0,0,0,0,1
878,kowloon,0,0,1,0,0,0,0,1
879,kowloon,1,0,0,0,0,0,0,1
880,kowloon,1,0,0,0,0,0,0,0
881,hong kong island,0,0,0,0,1,0,0,0
882,kowloon,0,0,0,0,0,0,1,0
883,new territories,0,0,0,0,0,0,1,0
884,new territories,1,0,0,1,1,0,0,0
885,new territories,1,0,0,0,0,0,0,0
886,new territories,0,0,0,0,0,0,0,0
887,new territories,1,0,0,0,0,0,0,0
888,new territories,1,0,0,0,0,0,0,0
889,new territories,1,0,0,0,1,0,0,0
890,new territories,0,0,0,0,0,0,0,0
891,new territories,0,0,0,0,0,0,0,0
892,new territories,1,0,0,0,0,0,0,0
893,new territories,1,0,0,0,1,0,0,0
894,new territories,1,0,0,0,0,0,0,0
895,new territories,0,0,0,0,0,0,1,0
896,new territories,1,0,0,0,0,0,0,1
897,new territories,1,0,0,0,0,0,0,1
898,new territories,1,0,0,0,0,0,0,0
899,new territories,1,0,0,0,0,0,0,0
900,new territories,1,0,0,0,1,0,0,0
901,hong kong island,1,0,0,0,1,0,0,0
902,new territories,1,0,0,0,0,0,0,0
903,new territories,1,0,1,0,0,0,0,0
904,new territories,1,0,0,0,1,0,0,0
905,hong kong island,1,0,0,0,1,0,0,0
906,new territories,1,0,0,0,0,0,0,0
907,new territories,1,0,0,0,0,0,0,0
908,new territories,1,0,0,0,0,0,0,0
909,new territories,1,1,0,0,0,0,0,1
910,new territories,1,0,1,0,0,0,0,0
911,new territories,1,0,0,0,0,0,0,0
912,new territories,1,0,0,0,0,0,0,0
913,new territories,1,0,0,0,0,0,0,0
914,new territories,1,0,0,0,0,0,0,0
915,hong kong island,1,0,0,0,1,0,0,0
916,new territories,1,0,0,0,0,0,0,0
917,new territories,1,0,0,0,1,0,0,0
918,hong kong island,1,0,0,0,0,0,0,0
919,new territories,1,0,0,0,0,0,0,0
920,new territories,1,0,0,0,0,0,0,0
921,new territories,0,1,0,0,0,0,0,0
922,new territories,1,0,0,0,0,0,0,0
923,new territories,0,0,0,0,0,0,0,0
924,new territories,0,0,0,0,0,0,1,0
925,new territories,0,0,0,0,1,0,0,0
926,new territories,1,0,0,0,0,0,0,0
927,new territories,1,1,0,0,0,0,0,0
928,new territories,1,1,0,0,0,0,0,0
929,hong kong island,1,0,0,0,1,0,0,0
930,new territories,1,0,0,0,0,0,0,0
931,new territories,1,0,0,0,1,0,0,0
932,new territories,1,0,0,0,1,0,0,0
933,new territories,1,0,0,0,0,0,0,0
934,hong kong island,1,0,0,0,0,0,0,0
